{
  "aggressive": {
    "hoarding_constant": 6.265864605374753,
    "evacuation_trigger": 4,
    "max_attack_dist": 30.244753391949054,
    "early_rush_limit": 9
  },
  "defensive": {
    "hoarding_constant": 8.391691196548576,
    "evacuation_trigger": 5,
    "max_attack_dist": 46.89926897700575,
    "early_rush_limit": 12
  },
  "standard": {
    "hoarding_constant": 1.464628255610862,
    "evacuation_trigger": 8,
    "max_attack_dist": 73.3000617284259,
    "early_rush_limit": 6
  }
}