{
  "aggressive": {
    "hoarding_constant": 1.6358908331546502,
    "evacuation_trigger": 2,
    "max_attack_dist": 39.59729289786213,
    "early_rush_limit": 12
  },
  "defensive": {
    "hoarding_constant": 6.427025256709435,
    "evacuation_trigger": 5,
    "max_attack_dist": 58.74556898983218,
    "early_rush_limit": 5
  },
  "standard": {
    "hoarding_constant": 4.4257066066223585,
    "evacuation_trigger": 7,
    "max_attack_dist": 92.87461925190185,
    "early_rush_limit": 8
  }
}